{
	"info": {
		"_postman_id": "ab66d8c2-d7e1-4c84-82b8-9da5802b2aa6",
		"name": "API Testcases",
		"schema": "https://schema.getpostman.com/json/collection/v2.1.0/collection.json",
		"_exporter_id": "43181645"
	},
	"item": [
		{
			"name": "Valid User Creation",
			"request": {
				"method": "POST",
				"header": [],
				"body": {
					"mode": "raw",
					"raw": "{\n  \"fullName\": \"John Doe\",\n  \"email\": \"john.doe@example.com\",\n  \"password\": \"Password123!\"\n}",
					"options": {
						"raw": {
							"language": "json"
						}
					}
				},
				"url": {
					"raw": "http://localhost:3000/user/create",
					"protocol": "http",
					"host": [
						"localhost"
					],
					"port": "3000",
					"path": [
						"user",
						"create"
					]
				}
			},
			"response": [
				{
					"name": "user created successfully",
					"originalRequest": {
						"method": "POST",
						"header": [],
						"body": {
							"mode": "raw",
							"raw": "{\n  \"fullName\": \"John Doe\",\n  \"email\": \"john.doe@example.com\",\n  \"password\": \"Password123!\"\n}",
							"options": {
								"raw": {
									"language": "json"
								}
							}
						},
						"url": {
							"raw": "http://localhost:3000/user/create",
							"protocol": "http",
							"host": [
								"localhost"
							],
							"port": "3000",
							"path": [
								"user",
								"create"
							]
						}
					},
					"status": "Created",
					"code": 201,
					"_postman_previewlanguage": "json",
					"header": [
						{
							"key": "X-Powered-By",
							"value": "Express"
						},
						{
							"key": "Content-Type",
							"value": "application/json; charset=utf-8"
						},
						{
							"key": "Content-Length",
							"value": "40"
						},
						{
							"key": "ETag",
							"value": "W/\"28-7+J4ujuF1IVyrzd07WLRpzlET2Y\""
						},
						{
							"key": "Date",
							"value": "Tue, 18 Mar 2025 22:06:50 GMT"
						},
						{
							"key": "Connection",
							"value": "keep-alive"
						},
						{
							"key": "Keep-Alive",
							"value": "timeout=5"
						}
					],
					"cookie": [],
					"body": "{\n    \"message\": \"User created successfully.\"\n}"
				}
			]
		},
		{
			"name": "Invalid Mail",
			"request": {
				"method": "POST",
				"header": [],
				"body": {
					"mode": "raw",
					"raw": "{\n  \"fullName\": \"Jane Doe\",\n  \"email\": \"jane.doe@invalid\",\n  \"password\": \"Password123!\"\n}",
					"options": {
						"raw": {
							"language": "json"
						}
					}
				},
				"url": {
					"raw": "http://localhost:3000/user/create",
					"protocol": "http",
					"host": [
						"localhost"
					],
					"port": "3000",
					"path": [
						"user",
						"create"
					]
				}
			},
			"response": [
				{
					"name": "invalid mail",
					"originalRequest": {
						"method": "POST",
						"header": [],
						"body": {
							"mode": "raw",
							"raw": "{\n  \"fullName\": \"Jane Doe\",\n  \"email\": \"jane.doe@invalid\",\n  \"password\": \"Password123!\"\n}",
							"options": {
								"raw": {
									"language": "json"
								}
							}
						},
						"url": {
							"raw": "http://localhost:3000/user/create",
							"protocol": "http",
							"host": [
								"localhost"
							],
							"port": "3000",
							"path": [
								"user",
								"create"
							]
						}
					},
					"status": "Bad Request",
					"code": 400,
					"_postman_previewlanguage": "json",
					"header": [
						{
							"key": "X-Powered-By",
							"value": "Express"
						},
						{
							"key": "Content-Type",
							"value": "application/json; charset=utf-8"
						},
						{
							"key": "Content-Length",
							"value": "33"
						},
						{
							"key": "ETag",
							"value": "W/\"21-Z5hvP/q4qTpHaFd/I0vz4mBBaho\""
						},
						{
							"key": "Date",
							"value": "Tue, 18 Mar 2025 22:07:36 GMT"
						},
						{
							"key": "Connection",
							"value": "keep-alive"
						},
						{
							"key": "Keep-Alive",
							"value": "timeout=5"
						}
					],
					"cookie": [],
					"body": "{\n    \"error\": \"Invalid email format.\"\n}"
				}
			]
		},
		{
			"name": "Invalid password",
			"request": {
				"method": "POST",
				"header": [],
				"body": {
					"mode": "raw",
					"raw": "{\n  \"fullName\": \"Jane123 Doe\",\n  \"email\": \"jane.doe@example.com\",\n  \"password\": \"Password123!\"\n}",
					"options": {
						"raw": {
							"language": "json"
						}
					}
				},
				"url": {
					"raw": "http://localhost:3000/user/create",
					"protocol": "http",
					"host": [
						"localhost"
					],
					"port": "3000",
					"path": [
						"user",
						"create"
					]
				}
			},
			"response": [
				{
					"name": "invalid password",
					"originalRequest": {
						"method": "POST",
						"header": [],
						"body": {
							"mode": "raw",
							"raw": "{\n  \"fullName\": \"Jane123 Doe\",\n  \"email\": \"jane.doe@example.com\",\n  \"password\": \"Password123!\"\n}",
							"options": {
								"raw": {
									"language": "json"
								}
							}
						},
						"url": {
							"raw": "http://localhost:3000/user/create",
							"protocol": "http",
							"host": [
								"localhost"
							],
							"port": "3000",
							"path": [
								"user",
								"create"
							]
						}
					},
					"status": "Bad Request",
					"code": 400,
					"_postman_previewlanguage": "json",
					"header": [
						{
							"key": "X-Powered-By",
							"value": "Express"
						},
						{
							"key": "Content-Type",
							"value": "application/json; charset=utf-8"
						},
						{
							"key": "Content-Length",
							"value": "62"
						},
						{
							"key": "ETag",
							"value": "W/\"3e-ErjXclOV8u8pAD+waopauasvgmU\""
						},
						{
							"key": "Date",
							"value": "Tue, 18 Mar 2025 22:08:28 GMT"
						},
						{
							"key": "Connection",
							"value": "keep-alive"
						},
						{
							"key": "Keep-Alive",
							"value": "timeout=5"
						}
					],
					"cookie": [],
					"body": "{\n    \"error\": \"Full name must contain only alphabetic characters.\"\n}"
				}
			]
		},
		{
			"name": "Weak Password",
			"request": {
				"method": "POST",
				"header": [],
				"body": {
					"mode": "raw",
					"raw": "{\n  \"fullName\": \"Jane Doe\",\n  \"email\": \"jane.doe@example.com\",\n  \"password\": \"weak\"\n}",
					"options": {
						"raw": {
							"language": "json"
						}
					}
				},
				"url": {
					"raw": "http://localhost:3000/user/create",
					"protocol": "http",
					"host": [
						"localhost"
					],
					"port": "3000",
					"path": [
						"user",
						"create"
					]
				}
			},
			"response": [
				{
					"name": "weak password",
					"originalRequest": {
						"method": "POST",
						"header": [],
						"body": {
							"mode": "raw",
							"raw": "{\n  \"fullName\": \"Jane Doe\",\n  \"email\": \"jane.doe@example.com\",\n  \"password\": \"weak\"\n}",
							"options": {
								"raw": {
									"language": "json"
								}
							}
						},
						"url": {
							"raw": "http://localhost:3000/user/create",
							"protocol": "http",
							"host": [
								"localhost"
							],
							"port": "3000",
							"path": [
								"user",
								"create"
							]
						}
					},
					"status": "Bad Request",
					"code": 400,
					"_postman_previewlanguage": "json",
					"header": [
						{
							"key": "X-Powered-By",
							"value": "Express"
						},
						{
							"key": "Content-Type",
							"value": "application/json; charset=utf-8"
						},
						{
							"key": "Content-Length",
							"value": "52"
						},
						{
							"key": "ETag",
							"value": "W/\"34-sDR8+Op+Unz0MpKNgROlc216wE0\""
						},
						{
							"key": "Date",
							"value": "Tue, 18 Mar 2025 22:09:32 GMT"
						},
						{
							"key": "Connection",
							"value": "keep-alive"
						},
						{
							"key": "Keep-Alive",
							"value": "timeout=5"
						}
					],
					"cookie": [],
					"body": "{\n    \"error\": \"Password does not meet the requirements.\"\n}"
				}
			]
		},
		{
			"name": "Valid user updated",
			"request": {
				"method": "PUT",
				"header": [],
				"body": {
					"mode": "raw",
					"raw": "{\n  \"email\": \"john.doe@example.com\",\n  \"fullName\": \"Johnathan Doe\",\n  \"password\": \"NewPassword123!\"\n}",
					"options": {
						"raw": {
							"language": "json"
						}
					}
				},
				"url": {
					"raw": "http://localhost:3000/user/edit",
					"protocol": "http",
					"host": [
						"localhost"
					],
					"port": "3000",
					"path": [
						"user",
						"edit"
					]
				}
			},
			"response": [
				{
					"name": "Valid user updated",
					"originalRequest": {
						"method": "PUT",
						"header": [],
						"body": {
							"mode": "raw",
							"raw": "{\n  \"email\": \"john.doe@example.com\",\n  \"fullName\": \"Johnathan Doe\",\n  \"password\": \"NewPassword123!\"\n}",
							"options": {
								"raw": {
									"language": "json"
								}
							}
						},
						"url": {
							"raw": "http://localhost:3000/user/edit",
							"protocol": "http",
							"host": [
								"localhost"
							],
							"port": "3000",
							"path": [
								"user",
								"edit"
							]
						}
					},
					"status": "OK",
					"code": 200,
					"_postman_previewlanguage": "json",
					"header": [
						{
							"key": "X-Powered-By",
							"value": "Express"
						},
						{
							"key": "Content-Type",
							"value": "application/json; charset=utf-8"
						},
						{
							"key": "Content-Length",
							"value": "40"
						},
						{
							"key": "ETag",
							"value": "W/\"28-qYP6/3Ae02+jXG5h5HS0Bz04il0\""
						},
						{
							"key": "Date",
							"value": "Tue, 18 Mar 2025 22:21:37 GMT"
						},
						{
							"key": "Connection",
							"value": "keep-alive"
						},
						{
							"key": "Keep-Alive",
							"value": "timeout=5"
						}
					],
					"cookie": [],
					"body": "{\n    \"message\": \"User updated successfully.\"\n}"
				}
			]
		},
		{
			"name": "Invalid email",
			"request": {
				"method": "PUT",
				"header": [],
				"body": {
					"mode": "raw",
					"raw": "{\n  \"email\": \"nonexistent@example.com\",\n  \"fullName\": \"Johnathan Doe\",\n  \"password\": \"NewPassword123!\"\n}",
					"options": {
						"raw": {
							"language": "json"
						}
					}
				},
				"url": {
					"raw": "http://localhost:3000/user/edit",
					"protocol": "http",
					"host": [
						"localhost"
					],
					"port": "3000",
					"path": [
						"user",
						"edit"
					]
				}
			},
			"response": [
				{
					"name": "Invalid email",
					"originalRequest": {
						"method": "PUT",
						"header": [],
						"body": {
							"mode": "raw",
							"raw": "{\n  \"email\": \"nonexistent@example.com\",\n  \"fullName\": \"Johnathan Doe\",\n  \"password\": \"NewPassword123!\"\n}",
							"options": {
								"raw": {
									"language": "json"
								}
							}
						},
						"url": {
							"raw": "http://localhost:3000/user/edit",
							"protocol": "http",
							"host": [
								"localhost"
							],
							"port": "3000",
							"path": [
								"user",
								"edit"
							]
						}
					},
					"status": "Not Found",
					"code": 404,
					"_postman_previewlanguage": "json",
					"header": [
						{
							"key": "X-Powered-By",
							"value": "Express"
						},
						{
							"key": "Content-Type",
							"value": "application/json; charset=utf-8"
						},
						{
							"key": "Content-Length",
							"value": "27"
						},
						{
							"key": "ETag",
							"value": "W/\"1b-uQVUv96QRqq6/xLE9rzNrbPmSa4\""
						},
						{
							"key": "Date",
							"value": "Tue, 18 Mar 2025 22:24:18 GMT"
						},
						{
							"key": "Connection",
							"value": "keep-alive"
						},
						{
							"key": "Keep-Alive",
							"value": "timeout=5"
						}
					],
					"cookie": [],
					"body": "{\n    \"error\": \"User not found.\"\n}"
				}
			]
		},
		{
			"name": "Invalid Full Name",
			"request": {
				"method": "PUT",
				"header": [],
				"body": {
					"mode": "raw",
					"raw": "{\n  \"email\": \"john.doe@example.com\",\n  \"fullName\": \"John123 Doe\",\n  \"password\": \"NewPassword123!\"\n}",
					"options": {
						"raw": {
							"language": "json"
						}
					}
				},
				"url": {
					"raw": "http://localhost:3000/user/edit",
					"protocol": "http",
					"host": [
						"localhost"
					],
					"port": "3000",
					"path": [
						"user",
						"edit"
					]
				}
			},
			"response": [
				{
					"name": "Invalid Full Name",
					"originalRequest": {
						"method": "PUT",
						"header": [],
						"body": {
							"mode": "raw",
							"raw": "{\n  \"email\": \"john.doe@example.com\",\n  \"fullName\": \"John123 Doe\",\n  \"password\": \"NewPassword123!\"\n}",
							"options": {
								"raw": {
									"language": "json"
								}
							}
						},
						"url": {
							"raw": "http://localhost:3000/user/edit",
							"protocol": "http",
							"host": [
								"localhost"
							],
							"port": "3000",
							"path": [
								"user",
								"edit"
							]
						}
					},
					"status": "Bad Request",
					"code": 400,
					"_postman_previewlanguage": "json",
					"header": [
						{
							"key": "X-Powered-By",
							"value": "Express"
						},
						{
							"key": "Content-Type",
							"value": "application/json; charset=utf-8"
						},
						{
							"key": "Content-Length",
							"value": "62"
						},
						{
							"key": "ETag",
							"value": "W/\"3e-ErjXclOV8u8pAD+waopauasvgmU\""
						},
						{
							"key": "Date",
							"value": "Tue, 18 Mar 2025 22:25:53 GMT"
						},
						{
							"key": "Connection",
							"value": "keep-alive"
						},
						{
							"key": "Keep-Alive",
							"value": "timeout=5"
						}
					],
					"cookie": [],
					"body": "{\n    \"error\": \"Full name must contain only alphabetic characters.\"\n}"
				}
			]
		},
		{
			"name": "Weak Password",
			"request": {
				"method": "PUT",
				"header": [],
				"body": {
					"mode": "raw",
					"raw": "{\n  \"email\": \"john.doe@example.com\",\n  \"fullName\": \"Johnathan Doe\",\n  \"password\": \"weak\"\n}",
					"options": {
						"raw": {
							"language": "json"
						}
					}
				},
				"url": {
					"raw": "http://localhost:3000/user/edit",
					"protocol": "http",
					"host": [
						"localhost"
					],
					"port": "3000",
					"path": [
						"user",
						"edit"
					]
				}
			},
			"response": [
				{
					"name": "Weak Password",
					"originalRequest": {
						"method": "PUT",
						"header": [],
						"body": {
							"mode": "raw",
							"raw": "{\n  \"email\": \"john.doe@example.com\",\n  \"fullName\": \"Johnathan Doe\",\n  \"password\": \"weak\"\n}",
							"options": {
								"raw": {
									"language": "json"
								}
							}
						},
						"url": {
							"raw": "http://localhost:3000/user/edit",
							"protocol": "http",
							"host": [
								"localhost"
							],
							"port": "3000",
							"path": [
								"user",
								"edit"
							]
						}
					},
					"status": "Bad Request",
					"code": 400,
					"_postman_previewlanguage": "json",
					"header": [
						{
							"key": "X-Powered-By",
							"value": "Express"
						},
						{
							"key": "Content-Type",
							"value": "application/json; charset=utf-8"
						},
						{
							"key": "Content-Length",
							"value": "52"
						},
						{
							"key": "ETag",
							"value": "W/\"34-sDR8+Op+Unz0MpKNgROlc216wE0\""
						},
						{
							"key": "Date",
							"value": "Tue, 18 Mar 2025 22:32:41 GMT"
						},
						{
							"key": "Connection",
							"value": "keep-alive"
						},
						{
							"key": "Keep-Alive",
							"value": "timeout=5"
						}
					],
					"cookie": [],
					"body": "{\n    \"error\": \"Password does not meet the requirements.\"\n}"
				}
			]
		},
		{
			"name": "Valid Deletion",
			"request": {
				"method": "DELETE",
				"header": [],
				"body": {
					"mode": "raw",
					"raw": "{\n  \"email\": \"john.doe@example.com\"\n}",
					"options": {
						"raw": {
							"language": "json"
						}
					}
				},
				"url": {
					"raw": "http://localhost:3000/user/delete",
					"protocol": "http",
					"host": [
						"localhost"
					],
					"port": "3000",
					"path": [
						"user",
						"delete"
					]
				}
			},
			"response": [
				{
					"name": "Valid Deletion",
					"originalRequest": {
						"method": "DELETE",
						"header": [],
						"body": {
							"mode": "raw",
							"raw": "{\n  \"email\": \"john.doe@example.com\"\n}",
							"options": {
								"raw": {
									"language": "json"
								}
							}
						},
						"url": {
							"raw": "http://localhost:3000/user/delete",
							"protocol": "http",
							"host": [
								"localhost"
							],
							"port": "3000",
							"path": [
								"user",
								"delete"
							]
						}
					},
					"status": "OK",
					"code": 200,
					"_postman_previewlanguage": "json",
					"header": [
						{
							"key": "X-Powered-By",
							"value": "Express"
						},
						{
							"key": "Content-Type",
							"value": "application/json; charset=utf-8"
						},
						{
							"key": "Content-Length",
							"value": "40"
						},
						{
							"key": "ETag",
							"value": "W/\"28-iS+XjorDKSLBZobM1Oen1Mvryto\""
						},
						{
							"key": "Date",
							"value": "Tue, 18 Mar 2025 22:35:58 GMT"
						},
						{
							"key": "Connection",
							"value": "keep-alive"
						},
						{
							"key": "Keep-Alive",
							"value": "timeout=5"
						}
					],
					"cookie": [],
					"body": "{\n    \"message\": \"User deleted successfully.\"\n}"
				}
			]
		},
		{
			"name": "Invalid email",
			"request": {
				"method": "DELETE",
				"header": [],
				"body": {
					"mode": "raw",
					"raw": "{\n  \"email\": \"nonexistent@example.com\"\n}",
					"options": {
						"raw": {
							"language": "json"
						}
					}
				},
				"url": {
					"raw": "http://localhost:3000/user/delete",
					"protocol": "http",
					"host": [
						"localhost"
					],
					"port": "3000",
					"path": [
						"user",
						"delete"
					]
				}
			},
			"response": [
				{
					"name": "Invalid email",
					"originalRequest": {
						"method": "DELETE",
						"header": [],
						"body": {
							"mode": "raw",
							"raw": "{\n  \"email\": \"nonexistent@example.com\"\n}",
							"options": {
								"raw": {
									"language": "json"
								}
							}
						},
						"url": {
							"raw": "http://localhost:3000/user/delete",
							"protocol": "http",
							"host": [
								"localhost"
							],
							"port": "3000",
							"path": [
								"user",
								"delete"
							]
						}
					},
					"status": "Not Found",
					"code": 404,
					"_postman_previewlanguage": "json",
					"header": [
						{
							"key": "X-Powered-By",
							"value": "Express"
						},
						{
							"key": "Content-Type",
							"value": "application/json; charset=utf-8"
						},
						{
							"key": "Content-Length",
							"value": "27"
						},
						{
							"key": "ETag",
							"value": "W/\"1b-uQVUv96QRqq6/xLE9rzNrbPmSa4\""
						},
						{
							"key": "Date",
							"value": "Tue, 18 Mar 2025 22:44:26 GMT"
						},
						{
							"key": "Connection",
							"value": "keep-alive"
						},
						{
							"key": "Keep-Alive",
							"value": "timeout=5"
						}
					],
					"cookie": [],
					"body": "{\n    \"error\": \"User not found.\"\n}"
				}
			]
		},
		{
			"name": "Expected response",
			"protocolProfileBehavior": {
				"disableBodyPruning": true
			},
			"request": {
				"method": "GET",
				"header": [],
				"body": {
					"mode": "raw",
					"raw": "{\n  \"users\": [\n    {\n      \"fullName\": \"John Doe\",\n      \"email\": \"john.doe@example.com\",\n      \"password\": \"hashed_password\"\n    }\n  ]\n}",
					"options": {
						"raw": {
							"language": "json"
						}
					}
				},
				"url": {
					"raw": "http://localhost:3000/user/getall",
					"protocol": "http",
					"host": [
						"localhost"
					],
					"port": "3000",
					"path": [
						"user",
						"getall"
					]
				}
			},
			"response": [
				{
					"name": "all users",
					"originalRequest": {
						"method": "GET",
						"header": [],
						"body": {
							"mode": "raw",
							"raw": "{\n  \"users\": [\n    {\n      \"fullName\": \"John Doe\",\n      \"email\": \"john.doe@example.com\",\n      \"password\": \"hashed_password\"\n    }\n  ]\n}",
							"options": {
								"raw": {
									"language": "json"
								}
							}
						},
						"url": {
							"raw": "http://localhost:3000/user/getall",
							"protocol": "http",
							"host": [
								"localhost"
							],
							"port": "3000",
							"path": [
								"user",
								"getall"
							]
						}
					},
					"status": "OK",
					"code": 200,
					"_postman_previewlanguage": "json",
					"header": [
						{
							"key": "X-Powered-By",
							"value": "Express"
						},
						{
							"key": "Content-Type",
							"value": "application/json; charset=utf-8"
						},
						{
							"key": "Content-Length",
							"value": "803"
						},
						{
							"key": "ETag",
							"value": "W/\"323-IlsKznwMk3Gj741yyvVPdoSRfWU\""
						},
						{
							"key": "Date",
							"value": "Tue, 18 Mar 2025 23:48:17 GMT"
						},
						{
							"key": "Connection",
							"value": "keep-alive"
						},
						{
							"key": "Keep-Alive",
							"value": "timeout=5"
						}
					],
					"cookie": [],
					"body": "{\n    \"users\": [\n        {\n            \"_id\": \"67d9f9daa6e1220a028c5db7\",\n            \"fullName\": \"John Doe\",\n            \"email\": \"john.doe@example.com\",\n            \"password\": \"$2b$10$xSPGpj4yIL2Lgb9vxmMJ1.l.O2mW4O/7cLMkRLS.yoje8cECCZOJG\",\n            \"__v\": 0\n        },\n        {\n            \"_id\": \"67d9ff8aa6e1220a028c5dc7\",\n            \"fullName\": \"Sampada Patil\",\n            \"email\": \"patil.s@example.com\",\n            \"password\": \"$2b$10$Gmes3DaLYXLFgpzrM4JT0.yGMxMKKzs.lOgamckb6/8xf/UJ4Jj8u\",\n            \"__v\": 0,\n            \"image\": \"/images/1742340011742.png\"\n        },\n        {\n            \"_id\": \"67da02eca6e1220a028c5dcd\",\n            \"fullName\": \"Shruti Lone\",\n            \"email\": \"lone@example.com\",\n            \"password\": \"$2b$10$86m2g9PhRQ4tamBpbxoifOaAAcDv12Qz2IBasFkl2zJEx599CjqgG\",\n            \"__v\": 0,\n            \"image\": \"/images/1742340858928.png\"\n        },\n        {\n            \"_id\": \"67da0459a6e1220a028c5dd2\",\n            \"fullName\": \"Anusha Patil\",\n            \"email\": \"patil@example.com\",\n            \"password\": \"$2b$10$cMXiY5EMgIo/Qt9Fu73u9ecmNctFBMIXrVfMoT5fmTlCs5tqsV93S\",\n            \"__v\": 0,\n            \"image\": \"/images/1742341302851.png\"\n        }\n    ]\n}"
				}
			]
		},
		{
			"name": "valid user",
			"request": {
				"method": "POST",
				"header": [],
				"body": {
					"mode": "formdata",
					"formdata": [
						{
							"key": "email",
							"value": "john.doe@example.com",
							"type": "text"
						},
						{
							"key": "image",
							"type": "file",
							"src": "postman-cloud:///1f0044c0-2aec-4880-8b20-782f3f20a7c1"
						}
					]
				},
				"url": {
					"raw": "http://localhost:3000/user/uploadImage",
					"protocol": "http",
					"host": [
						"localhost"
					],
					"port": "3000",
					"path": [
						"user",
						"uploadImage"
					]
				}
			},
			"response": [
				{
					"name": "valid user",
					"originalRequest": {
						"method": "POST",
						"header": [],
						"body": {
							"mode": "raw",
							"raw": "{\n  \"fullName\": \"John Doe\",\n  \"email\": \"john.doe@example.com\",\n  \"password\": \"Password123!\"\n}",
							"options": {
								"raw": {
									"language": "json"
								}
							}
						},
						"url": {
							"raw": "http://localhost:3000/user/create",
							"protocol": "http",
							"host": [
								"localhost"
							],
							"port": "3000",
							"path": [
								"user",
								"create"
							]
						}
					},
					"status": "Bad Request",
					"code": 400,
					"_postman_previewlanguage": "json",
					"header": [
						{
							"key": "X-Powered-By",
							"value": "Express"
						},
						{
							"key": "Content-Type",
							"value": "application/json; charset=utf-8"
						},
						{
							"key": "Content-Length",
							"value": "30"
						},
						{
							"key": "ETag",
							"value": "W/\"1e-BuobNBTjwZHi44YPrnf90B1W1Bk\""
						},
						{
							"key": "Date",
							"value": "Tue, 18 Mar 2025 22:59:59 GMT"
						},
						{
							"key": "Connection",
							"value": "keep-alive"
						},
						{
							"key": "Keep-Alive",
							"value": "timeout=5"
						}
					],
					"cookie": [],
					"body": "{\n    \"error\": \"Validation failed.\"\n}"
				},
				{
					"name": "image success",
					"originalRequest": {
						"method": "POST",
						"header": [],
						"body": {
							"mode": "formdata",
							"formdata": [
								{
									"key": "email",
									"value": "john.doe@example.com",
									"type": "text"
								},
								{
									"key": "image",
									"type": "file",
									"src": "postman-cloud:///1f0044c0-2aec-4880-8b20-782f3f20a7c1"
								}
							],
							"options": {
								"raw": {
									"language": "json"
								}
							}
						},
						"url": {
							"raw": "http://localhost:3000/user/uploadImage",
							"protocol": "http",
							"host": [
								"localhost"
							],
							"port": "3000",
							"path": [
								"user",
								"uploadImage"
							]
						}
					},
					"status": "Created",
					"code": 201,
					"_postman_previewlanguage": "json",
					"header": [
						{
							"key": "X-Powered-By",
							"value": "Express"
						},
						{
							"key": "Content-Type",
							"value": "application/json; charset=utf-8"
						},
						{
							"key": "Content-Length",
							"value": "81"
						},
						{
							"key": "ETag",
							"value": "W/\"51-0NmEBb7yGM7dzBHmEkM8Ngn0Ya8\""
						},
						{
							"key": "Date",
							"value": "Tue, 18 Mar 2025 23:48:58 GMT"
						},
						{
							"key": "Connection",
							"value": "keep-alive"
						},
						{
							"key": "Keep-Alive",
							"value": "timeout=5"
						}
					],
					"cookie": [],
					"body": "{\n    \"message\": \"Image uploaded successfully.\",\n    \"filePath\": \"/images/1742341738589.png\"\n}"
				}
			]
		},
		{
			"name": "invalid",
			"request": {
				"method": "POST",
				"header": [],
				"body": {
					"mode": "formdata",
					"formdata": [
						{
							"key": "email",
							"value": "patil.s@example",
							"type": "text"
						},
						{
							"key": "image",
							"type": "file",
							"src": "/Users/sampadapatil/Downloads/WebD-Assignment-8/user-api/images/Flower2.pdf"
						}
					]
				},
				"url": {
					"raw": "http://localhost:3000/user/uploadImage?email=patil.s@example.com&image",
					"protocol": "http",
					"host": [
						"localhost"
					],
					"port": "3000",
					"path": [
						"user",
						"uploadImage"
					],
					"query": [
						{
							"key": "email",
							"value": "patil.s@example.com"
						},
						{
							"key": "image",
							"value": null
						}
					]
				}
			},
			"response": [
				{
					"name": "invalid",
					"originalRequest": {
						"method": "POST",
						"header": [],
						"body": {
							"mode": "formdata",
							"formdata": [
								{
									"key": "email",
									"value": "patil.s@example",
									"type": "text"
								},
								{
									"key": "image",
									"type": "file",
									"src": "/Users/sampadapatil/Downloads/WebD-Assignment-8/user-api/images/Flower2.pdf"
								}
							]
						},
						"url": {
							"raw": "http://localhost:3000/user/uploadImage?email=patil.s@example.com&image",
							"protocol": "http",
							"host": [
								"localhost"
							],
							"port": "3000",
							"path": [
								"user",
								"uploadImage"
							],
							"query": [
								{
									"key": "email",
									"value": "patil.s@example.com"
								},
								{
									"key": "image",
									"value": null
								}
							]
						}
					},
					"status": "Internal Server Error",
					"code": 500,
					"_postman_previewlanguage": "json",
					"header": [
						{
							"key": "X-Powered-By",
							"value": "Express"
						},
						{
							"key": "Content-Type",
							"value": "application/json; charset=utf-8"
						},
						{
							"key": "Content-Length",
							"value": "69"
						},
						{
							"key": "ETag",
							"value": "W/\"45-gk6rlSNhBfT3hIznG6W7ODdmsMc\""
						},
						{
							"key": "Date",
							"value": "Tue, 18 Mar 2025 23:38:00 GMT"
						},
						{
							"key": "Connection",
							"value": "keep-alive"
						},
						{
							"key": "Keep-Alive",
							"value": "timeout=5"
						}
					],
					"cookie": [],
					"body": "{\n    \"error\": \"Invalid file format. Only JPEG, PNG, and GIF are allowed.\"\n}"
				}
			]
		},
		{
			"name": "image exists",
			"request": {
				"method": "POST",
				"header": [],
				"body": {
					"mode": "formdata",
					"formdata": [
						{
							"key": "email",
							"value": "patil@example.com",
							"type": "text"
						},
						{
							"key": "image",
							"type": "file",
							"src": "postman-cloud:///1f004528-253b-4a40-a150-d2c9b7007382"
						}
					]
				},
				"url": {
					"raw": "http://localhost:3000/user/uploadImage",
					"protocol": "http",
					"host": [
						"localhost"
					],
					"port": "3000",
					"path": [
						"user",
						"uploadImage"
					],
					"query": [
						{
							"key": "email",
							"value": "patil@example.com",
							"disabled": true
						}
					]
				}
			},
			"response": [
				{
					"name": "New Request",
					"originalRequest": {
						"method": "POST",
						"header": [],
						"body": {
							"mode": "formdata",
							"formdata": [
								{
									"key": "email",
									"value": "patil@example.com",
									"type": "text"
								},
								{
									"key": "image",
									"type": "file",
									"src": "postman-cloud:///1f004528-253b-4a40-a150-d2c9b7007382"
								}
							]
						},
						"url": {
							"raw": "http://localhost:3000/user/uploadImage",
							"protocol": "http",
							"host": [
								"localhost"
							],
							"port": "3000",
							"path": [
								"user",
								"uploadImage"
							],
							"query": [
								{
									"key": "email",
									"value": "patil@example.com",
									"disabled": true
								}
							]
						}
					},
					"status": "Bad Request",
					"code": 400,
					"_postman_previewlanguage": "json",
					"header": [
						{
							"key": "X-Powered-By",
							"value": "Express"
						},
						{
							"key": "Content-Type",
							"value": "application/json; charset=utf-8"
						},
						{
							"key": "Content-Length",
							"value": "47"
						},
						{
							"key": "ETag",
							"value": "W/\"2f-KHp8Gs4UxbFM9lvMOHvvlF0FovA\""
						},
						{
							"key": "Date",
							"value": "Tue, 18 Mar 2025 23:45:56 GMT"
						},
						{
							"key": "Connection",
							"value": "keep-alive"
						},
						{
							"key": "Keep-Alive",
							"value": "timeout=5"
						}
					],
					"cookie": [],
					"body": "{\n    \"error\": \"Image already exists for this user.\"\n}"
				}
			]
		}
	]
}